path,file_id,tabular,served_as,dataverse_filename,bytes_published,md5_published,unf
README.txt,7017490,FALSE,README.txt,README.txt,1321,cc2cfa200b694f1af27c455d9d1f862b,
code/declarations/declaration_10.1.R,7017436,FALSE,declaration_10.1.R,declaration_10.1.R,300,fe6f8c9b8849f899a0b16744aa81eae7,
code/declarations/declaration_10.2.R,7017404,FALSE,declaration_10.2.R,declaration_10.2.R,425,c727094873614aa689184ff68eb687fb,
code/declarations/declaration_10.3.R,7017270,FALSE,declaration_10.3.R,declaration_10.3.R,725,d3f89031b765804f9e0109bd51b01475,
code/declarations/declaration_10.4.R,7017449,FALSE,declaration_10.4.R,declaration_10.4.R,441,1fc5a74c6aa1688b223f590c49f3569b,
code/declarations/declaration_10a.R,7017439,FALSE,declaration_10a.R,declaration_10a.R,844,80a4eb4197e771b7bf8e5df2bc9711ec,
code/declarations/declaration_11.1.R,7017473,FALSE,declaration_11.1.R,declaration_11.1.R,313,4120a1e4b82052e38aee14448edbe0b2,
code/declarations/declaration_11.2.R,7017536,FALSE,declaration_11.2.R,declaration_11.2.R,444,a2b90735f4148de9a4d6bc114fd2177c,
code/declarations/declaration_11.3.R,7017371,FALSE,declaration_11.3.R,declaration_11.3.R,324,f3a4b35a0053e8381dd81ac3561b0e51,
code/declarations/declaration_11.4.R,7017277,FALSE,declaration_11.4.R,declaration_11.4.R,857,1e0f778c534604e954bfc87cc88f57f9,
code/declarations/declaration_11.5.R,7017578,FALSE,declaration_11.5.R,declaration_11.5.R,892,1d78dd04a8e2a5ad1a146d3d3ed74298,
code/declarations/declaration_12.1a.R,7017511,FALSE,declaration_12.1a.R,declaration_12.1a.R,406,2508f8f49dbb1317c108e2571dd3571d,
code/declarations/declaration_12.1b.R,7017384,FALSE,declaration_12.1b.R,declaration_12.1b.R,139,4cb7bbec3ddbd36558daa1e1a3f8fcdf,
code/declarations/declaration_12.1c.R,7017539,FALSE,declaration_12.1c.R,declaration_12.1c.R,590,e9867707af0a99eeed02be55b731b7e5,
code/declarations/declaration_12.1d.R,7017448,FALSE,declaration_12.1d.R,declaration_12.1d.R,280,cecc089dae2e971f09c31ae9d66d0e1a,
code/declarations/declaration_13.1.R,7017294,FALSE,declaration_13.1.R,declaration_13.1.R,408,383c7825b966e58d8f7695c59d371ab5,
code/declarations/declaration_13.2.R,7017411,FALSE,declaration_13.2.R,declaration_13.2.R,1275,a5006a1fd1ce656fde2a85230d82355e,
code/declarations/declaration_15.1.R,7017339,FALSE,declaration_15.1.R,declaration_15.1.R,377,ca7492a58fb93366cc55fe6369ee7987,
code/declarations/declaration_15.2.R,7017374,FALSE,declaration_15.2.R,declaration_15.2.R,475,f8f6918b493032540b4d1ba9c5f8cce1,
code/declarations/declaration_15.3a.R,7017556,FALSE,declaration_15.3a.R,declaration_15.3a.R,444,4721ea3f3e02a957a0a8e8063dcaa490,
code/declarations/declaration_15.3b.R,7017417,FALSE,declaration_15.3b.R,declaration_15.3b.R,527,ed8cb2abc93a5657ebe254fca94b2645,
code/declarations/declaration_15.3c.R,7017422,FALSE,declaration_15.3c.R,declaration_15.3c.R,647,144ff78f81dc9ad1d851683bf5b875af,
code/declarations/declaration_15.4.R,7017590,FALSE,declaration_15.4.R,declaration_15.4.R,1369,dc2572678447c72c2992a8049b14e968,
code/declarations/declaration_15.5.R,7017507,FALSE,declaration_15.5.R,declaration_15.5.R,712,28888036a57491344a26e9a26096d8b1,
code/declarations/declaration_15.6.R,7017588,FALSE,declaration_15.6.R,declaration_15.6.R,989,35ebfd0492acdf62712036cf8d08a28c,
code/declarations/declaration_16.1a.R,7017546,FALSE,declaration_16.1a.R,declaration_16.1a.R,313,32e74a7b629cc0933b88f499678cc2c9,
code/declarations/declaration_16.1b.R,7017524,FALSE,declaration_16.1b.R,declaration_16.1b.R,507,9d1f129d0b5369e63e1092b10a6ebb2a,
code/declarations/declaration_16.2.R,10920433,FALSE,declaration_16.2.R,declaration_16.2.R,890,9c38496308026a67f5eb5ab264320813,
code/declarations/declaration_16.3.R,10920859,FALSE,declaration_16.3.R,declaration_16.3.R,1507,3eaad0dd38dd6519f43f5c3b0295beca,
code/declarations/declaration_16.4.R,7017458,FALSE,declaration_16.4.R,declaration_16.4.R,635,56a7f34ff929c8c0abcafbe9160e83d4,
code/declarations/declaration_16.5.R,10854232,FALSE,declaration_16.5.R,declaration_16.5.R,726,4d8f507b69824de6f74f5e378f996901,
code/declarations/declaration_16.6.R,10854233,FALSE,declaration_16.6.R,declaration_16.6.R,244,64c835b801ff707618625c196f6e53fb,
code/declarations/declaration_17.1.R,7017547,FALSE,declaration_17.1.R,declaration_17.1.R,719,6c563ada51695b4582c07d9dd488abaa,
code/declarations/declaration_17.2.R,7017476,FALSE,declaration_17.2.R,declaration_17.2.R,1147,b2edeec262c606aa81902f5c721d9dc5,
code/declarations/declaration_17.3.R,7017268,FALSE,declaration_17.3.R,declaration_17.3.R,486,30603a3d831ec54052f17f9ee0cdc84f,
code/declarations/declaration_17.4.R,7017323,FALSE,declaration_17.4.R,declaration_17.4.R,711,51352c81314e25565e18bb162c409da2,
code/declarations/declaration_17.5.R,7017366,FALSE,declaration_17.5.R,declaration_17.5.R,1233,24ee54cbb100f85aae8e6718c156fe6f,
code/declarations/declaration_17.6_a.R,7017295,FALSE,declaration_17.6_a.R,declaration_17.6_a.R,503,c01d74352e97e11a60a6dc70c21cad60,
code/declarations/declaration_17.6_b.R,7017438,FALSE,declaration_17.6_b.R,declaration_17.6_b.R,947,b6ccb368e1249243a9c0967cf6b0a643,
code/declarations/declaration_18.1.R,7017564,FALSE,declaration_18.1.R,declaration_18.1.R,328,beef26fe069f2100d0ce5684ce858281,
code/declarations/declaration_18.10.R,7017581,FALSE,declaration_18.10.R,declaration_18.10.R,912,4ac76ed2610c77a1acf55f0e68aa129c,
code/declarations/declaration_18.11.R,7017614,FALSE,declaration_18.11.R,declaration_18.11.R,416,e0de4f2acfe260526a850c1e3b63bd9b,
code/declarations/declaration_18.12.R,7017479,FALSE,declaration_18.12.R,declaration_18.12.R,1224,6f8e1dc430775948c757bb094d2294f6,
code/declarations/declaration_18.13.R,7017328,FALSE,declaration_18.13.R,declaration_18.13.R,1314,22da8c4e88c661c09a85a7935a1a8ce8,
code/declarations/declaration_18.2.R,7017327,FALSE,declaration_18.2.R,declaration_18.2.R,556,22a7fc97f871dc247542e08ce102dff6,
code/declarations/declaration_18.3.R,7017502,FALSE,declaration_18.3.R,declaration_18.3.R,635,bba3876704aaacab5514a1596fe8735c,
code/declarations/declaration_18.4.R,7017532,FALSE,declaration_18.4.R,declaration_18.4.R,618,cbe638d2a37ceb01f5453f08c1a280e4,
code/declarations/declaration_18.5.R,7017415,FALSE,declaration_18.5.R,declaration_18.5.R,870,3a72184a441896bbc59d7989d9f3e3cd,
code/declarations/declaration_18.6.R,7017480,FALSE,declaration_18.6.R,declaration_18.6.R,821,7b01b8161e876ae82bcfaf45dbc9cf24,
code/declarations/declaration_18.7.R,7017320,FALSE,declaration_18.7.R,declaration_18.7.R,1737,bbb53914eaef794ec279ace32c0c06b6,
code/declarations/declaration_18.8.R,7017321,FALSE,declaration_18.8.R,declaration_18.8.R,1595,9940bdce74eaba73968d844212e16549,
code/declarations/declaration_18.9a.R,7017293,FALSE,declaration_18.9a.R,declaration_18.9a.R,795,a9de4389bd860dd7eb765a011e210016,
code/declarations/declaration_18.9b.R,7017575,FALSE,declaration_18.9b.R,declaration_18.9b.R,307,f21d0ac3fca416014d022d1a1121ccb0,
code/declarations/declaration_18.9c.R,7017594,FALSE,declaration_18.9c.R,declaration_18.9c.R,428,be2672915e6b6a4292d86acd7c27e824,
code/declarations/declaration_19.1.R,7017443,FALSE,declaration_19.1.R,declaration_19.1.R,1791,e927f1909fc520a258157c0963d8b789,
code/declarations/declaration_19.2.R,7017432,FALSE,declaration_19.2.R,declaration_19.2.R,1685,7b1db64b4c9f3e89bf721703af39e060,
code/declarations/declaration_19.3.R,7017377,FALSE,declaration_19.3.R,declaration_19.3.R,856,544da85162f6250eff001d3b83860ad0,
code/declarations/declaration_19.4.R,7017368,FALSE,declaration_19.4.R,declaration_19.4.R,2353,18243c49f9a9731aaff8926b3972e757,
code/declarations/declaration_2.1.R,7017333,FALSE,declaration_2.1.R,declaration_2.1.R,585,1b4667b69ad11ef0277be9671c16e173,
code/declarations/declaration_2.2.R,7017450,FALSE,declaration_2.2.R,declaration_2.2.R,429,0f40ff533c14b12e72f75f94a75456b8,
code/declarations/declaration_23.1a.R,7017345,FALSE,declaration_23.1a.R,declaration_23.1a.R,260,97897bfa1333c33a1acfcf0aff19c949,
code/declarations/declaration_23.1b.R,7017535,FALSE,declaration_23.1b.R,declaration_23.1b.R,260,d248e8a541e83e2eee4c6a2a3628ea27,
code/declarations/declaration_23.1c.R,7017613,FALSE,declaration_23.1c.R,declaration_23.1c.R,143,95a340e4f6b54454db03376938832072,
code/declarations/declaration_23.1d.R,7017548,FALSE,declaration_23.1d.R,declaration_23.1d.R,488,0b6348a780ce021409f136649013a26d,
code/declarations/declaration_4.1.R,7017412,FALSE,declaration_4.1.R,declaration_4.1.R,402,37647f8748f77a3a53fc6f103ee1d0b7,
code/declarations/declaration_5.1.R,7017312,FALSE,declaration_5.1.R,declaration_5.1.R,392,092333b59fb72b37def51751e6d2489c,
code/declarations/declaration_7.1.R,7017410,FALSE,declaration_7.1.R,declaration_7.1.R,271,9a5f9c1429b1c43210ff5895265c834b,
code/declarations/declaration_9.1.R,7017296,FALSE,declaration_9.1.R,declaration_9.1.R,236,6f2b87d58e1dd2798ffd43a4cc5e231a,
code/declarations/declaration_9.2.R,7017474,FALSE,declaration_9.2.R,declaration_9.2.R,172,8e12320d739e850db4a6a3dbb0c60eaa,
code/declarations/declaration_9.3.R,7017562,FALSE,declaration_9.3.R,declaration_9.3.R,454,8b05ab9e4abc15cb83aa142c8349d0f4,
code/declarations/declaration_9.4.R,7017482,FALSE,declaration_9.4.R,declaration_9.4.R,349,c18a6de0353ba6dcde8e077a1c891308,
code/declarations/declaration_9.5.R,7017478,FALSE,declaration_9.5.R,declaration_9.5.R,147,614ce2dcd69f0e77d2c823d4d27c2244,
code/declarations/declaration_9.6.R,7017608,FALSE,declaration_9.6.R,declaration_9.6.R,883,5918541df4a3d3d580f4c5a92874ec16,
code/declarations/declaration_9.7.R,7017454,FALSE,declaration_9.7.R,declaration_9.7.R,868,4f52dbe44339499cd5ab94bc173fb3d0,
code/diagnoses/diagnosis_10.1.R,7017508,FALSE,diagnosis_10.1.R,diagnosis_10.1.R,381,db057784cee4dfb89758f8e21912bc49,
code/diagnoses/diagnosis_10.2.R,7017324,FALSE,diagnosis_10.2.R,diagnosis_10.2.R,480,020378c0412cbe01028c8d59da9dbfe9,
code/diagnoses/diagnosis_10.3.R,7017395,FALSE,diagnosis_10.3.R,diagnosis_10.3.R,577,3603e453c920a4d82d34edb3dadd31fc,
code/diagnoses/diagnosis_10.4.R,7017515,FALSE,diagnosis_10.4.R,diagnosis_10.4.R,332,540fb0795386b7be4cb4d1bf43952e5b,
code/diagnoses/diagnosis_10.5.R,7017609,FALSE,diagnosis_10.5.R,diagnosis_10.5.R,358,bec6861dc0a25f90d3deb982609ff2c7,
code/diagnoses/diagnosis_10a.R,7017442,FALSE,diagnosis_10a.R,diagnosis_10a.R,495,d096fd52acb9e2334df2123ec44f2795,
code/diagnoses/diagnosis_11.1.R,7017409,FALSE,diagnosis_11.1.R,diagnosis_11.1.R,360,a56fc3ea158bbaffa9ee54d58313e674,
code/diagnoses/diagnosis_11.2.R,7017357,FALSE,diagnosis_11.2.R,diagnosis_11.2.R,358,f138b34d4df3b3e3cef9fba6802683c8,
code/diagnoses/diagnosis_11.3.R,7017437,FALSE,diagnosis_11.3.R,diagnosis_11.3.R,568,d429410b7b175a48436ff0aa369fb3d5,
code/diagnoses/diagnosis_11.4.R,7017393,FALSE,diagnosis_11.4.R,diagnosis_11.4.R,318,287ebd7bfecc322b3d485b50555bc304,
code/diagnoses/diagnosis_11.5.R,7017557,FALSE,diagnosis_11.5.R,diagnosis_11.5.R,342,144b6b9baac4771b34dd97793cf80eee,
code/diagnoses/diagnosis_12.1.R,7017522,FALSE,diagnosis_12.1.R,diagnosis_12.1.R,801,e65b31323f11143026285655650d0f64,
code/diagnoses/diagnosis_12.2.R,7017589,FALSE,diagnosis_12.2.R,diagnosis_12.2.R,944,536b16604a01d56f55f8c62b8677a9f1,
code/diagnoses/diagnosis_13.1.R,7017591,FALSE,diagnosis_13.1.R,diagnosis_13.1.R,313,5b71732dc3e7308a65d22aaf7fb079a9,
code/diagnoses/diagnosis_15.1.R,7017281,FALSE,diagnosis_15.1.R,diagnosis_15.1.R,463,49dff2566dabe6189f18ed00b64aadd5,
code/diagnoses/diagnosis_15.2.R,7017598,FALSE,diagnosis_15.2.R,diagnosis_15.2.R,415,c8ab63292f311545112e64951876beac,
code/diagnoses/diagnosis_15.3.R,7017430,FALSE,diagnosis_15.3.R,diagnosis_15.3.R,469,ef634f46fc9ca3d0f65b5aa0c699a37e,
code/diagnoses/diagnosis_15.4.R,7017344,FALSE,diagnosis_15.4.R,diagnosis_15.4.R,370,5d85988846f7a6b6800e112ab13eee41,
code/diagnoses/diagnosis_15.5.R,7017355,FALSE,diagnosis_15.5.R,diagnosis_15.5.R,342,d2c53ce65a765ca01205e5e9728bf30e,
code/diagnoses/diagnosis_16.1.R,7017317,FALSE,diagnosis_16.1.R,diagnosis_16.1.R,423,308986a7b34d109249174a033ae4d76f,
code/diagnoses/diagnosis_16.2.R,7017574,FALSE,diagnosis_16.2.R,diagnosis_16.2.R,333,2ccc6eb324aff266d15f3ed8e76ec541,
code/diagnoses/diagnosis_16.3.R,7017496,FALSE,diagnosis_16.3.R,diagnosis_16.3.R,347,7f768e3466ebf21dc9e363bf260553b4,
code/diagnoses/diagnosis_16.4.R,7017330,FALSE,diagnosis_16.4.R,diagnosis_16.4.R,2812,aba158054f660c13a250a8be1074cdb8,
code/diagnoses/diagnosis_16.5.R,10854234,FALSE,diagnosis_16.5.R,diagnosis_16.5.R,443,c9817110006e67bf6a106c9dfe6e6849,
code/diagnoses/diagnosis_17.1.R,7017351,FALSE,diagnosis_17.1.R,diagnosis_17.1.R,323,3d64beaf1cfcc191cd4bcad53945ab1e,
code/diagnoses/diagnosis_17.2.R,7017300,FALSE,diagnosis_17.2.R,diagnosis_17.2.R,460,75f6281fdfa3dd7dc0888db2e0723628,
code/diagnoses/diagnosis_17.3.R,7017367,FALSE,diagnosis_17.3.R,diagnosis_17.3.R,446,b4485adc86e6084daf8be17098d1d5a8,
code/diagnoses/diagnosis_17.4.R,7017340,FALSE,diagnosis_17.4.R,diagnosis_17.4.R,322,1b466a6ca65901f42b4b69dbbe2d78b8,
code/diagnoses/diagnosis_17.5.R,7017510,FALSE,diagnosis_17.5.R,diagnosis_17.5.R,411,6867866037bb0253c9e7ee3ddd3b90c7,
code/diagnoses/diagnosis_18.1.R,7017509,FALSE,diagnosis_18.1.R,diagnosis_18.1.R,316,0e762ed7547425934270ef2372c755b8,
code/diagnoses/diagnosis_18.10.R,7017418,FALSE,diagnosis_18.10.R,diagnosis_18.10.R,807,61bf978bc688e7397994c61fc377e948,
code/diagnoses/diagnosis_18.11.R,7017347,FALSE,diagnosis_18.11.R,diagnosis_18.11.R,898,9de7b728fccd93d110995807afd89260,
code/diagnoses/diagnosis_18.12.R,7017453,FALSE,diagnosis_18.12.R,diagnosis_18.12.R,356,46088a1a728b15b6c870d0047664cb60,
code/diagnoses/diagnosis_18.13.R,7017396,FALSE,diagnosis_18.13.R,diagnosis_18.13.R,319,3d85a48b296ab18e54a1579f8af3afbe,
code/diagnoses/diagnosis_18.2.R,7017337,FALSE,diagnosis_18.2.R,diagnosis_18.2.R,413,4e84cd9e1bfca12474bc1edb5f89a7bd,
code/diagnoses/diagnosis_18.3.R,7017289,FALSE,diagnosis_18.3.R,diagnosis_18.3.R,408,fcea56bb94cfa6e881d96c1521eaa44c,
code/diagnoses/diagnosis_18.4.R,7017521,FALSE,diagnosis_18.4.R,diagnosis_18.4.R,961,4587fae9eabfe18ecd610fc5572ce096,
code/diagnoses/diagnosis_18.5.R,7017566,FALSE,diagnosis_18.5.R,diagnosis_18.5.R,367,381bc4fb009d97cfe89ccdd1147eaa4b,
code/diagnoses/diagnosis_18.6.R,7017319,FALSE,diagnosis_18.6.R,diagnosis_18.6.R,367,71a4530a24b591672543735f5ab5020f,
code/diagnoses/diagnosis_18.7.R,7017611,FALSE,diagnosis_18.7.R,diagnosis_18.7.R,362,cb126aae821f7f1ae6839416a971605a,
code/diagnoses/diagnosis_18.8.R,7017326,FALSE,diagnosis_18.8.R,diagnosis_18.8.R,424,4ee61a13b515a91c397104732c3d48c9,
code/diagnoses/diagnosis_18.9.R,7017495,FALSE,diagnosis_18.9.R,diagnosis_18.9.R,313,56eb53d5a665e66368c478e5cc76117a,
code/diagnoses/diagnosis_19.1.R,7017512,FALSE,diagnosis_19.1.R,diagnosis_19.1.R,813,394fc8a1fbb4cdac1569fe72747d2f35,
code/diagnoses/diagnosis_19.2.R,7017488,FALSE,diagnosis_19.2.R,diagnosis_19.2.R,547,546f43555d9dabafc02c9d3e186c0474,
code/diagnoses/diagnosis_19.3.R,7017485,FALSE,diagnosis_19.3.R,diagnosis_19.3.R,316,78d71bda7b5a41fb2746112187320a0c,
code/diagnoses/diagnosis_19.4.R,7017369,FALSE,diagnosis_19.4.R,diagnosis_19.4.R,517,4e5cc5a84f9189314df2df58fdebe45d,
code/diagnoses/diagnosis_2.1.R,7017445,FALSE,diagnosis_2.1.R,diagnosis_2.1.R,841,29bdd81367e0c9778738ded48b68a6cf,
code/diagnoses/diagnosis_21a.R,7017501,FALSE,diagnosis_21a.R,diagnosis_21a.R,612,42a002d1d19da68bc3acd799a10e2cf8,
code/diagnoses/diagnosis_21b.R,7017597,FALSE,diagnosis_21b.R,diagnosis_21b.R,586,d571f50fdf8fa62c29991abcd2611aa5,
code/diagnoses/diagnosis_23.1.R,7017273,FALSE,diagnosis_23.1.R,diagnosis_23.1.R,500,4748406c89f32bd19d32dab1f1833292,
code/diagnoses/diagnosis_23a.R,7017516,FALSE,diagnosis_23a.R,diagnosis_23a.R,1712,4fcaca7f0c3bf5c2227ce058d73bb492,
code/diagnoses/diagnosis_4.1.R,7017291,FALSE,diagnosis_4.1.R,diagnosis_4.1.R,252,4256f044577c3702d7684525148472cf,
code/diagnoses/diagnosis_9.1.R,7017378,FALSE,diagnosis_9.1.R,diagnosis_9.1.R,310,384e32cb259e5eface60a12208704734,
code/diagnoses/diagnosis_9.2.R,7017272,FALSE,diagnosis_9.2.R,diagnosis_9.2.R,354,f717438693a79624459e04be1a08dad9,
code/diagnoses/diagnosis_9.3.R,7017452,FALSE,diagnosis_9.3.R,diagnosis_9.3.R,324,02b69b940c3e69741d00d598bf05824e,
code/diagnoses/diagnosis_9.4.R,7017429,FALSE,diagnosis_9.4.R,diagnosis_9.4.R,327,663b3d981d544ef6d6510725d54f3d36,
code/diagnoses/diagnosis_9.5.R,7017311,FALSE,diagnosis_9.5.R,diagnosis_9.5.R,334,16aaea89acf88c8e8d9e376f89c3b3db,
code/diagnoses/diagnosis_9.6.R,7017455,FALSE,diagnosis_9.6.R,diagnosis_9.6.R,325,7c29d3f4083466398861e768f046f9e1,
code/diagnoses/diagnosis_9.7.R,7017481,FALSE,diagnosis_9.7.R,diagnosis_9.7.R,632,d74683a91811d7b7bb58bea0ab1f8bdd,
code/diagnoses/simulation_10.1.R,7017572,FALSE,simulation_10.1.R,simulation_10.1.R,305,377f3a8e9c2f28f5dcdf6a2c1dcf5ec6,
code/figures/figure_10.1.R,7017517,FALSE,figure_10.1.R,figure_10.1.R,3984,7da890cd880b42b25a94a2a6b2fe6290,
code/figures/figure_10.2.R,7017610,FALSE,figure_10.2.R,figure_10.2.R,2798,f6d66d733754199c7bd81f676a4f1f12,
code/figures/figure_10.3.R,7017354,FALSE,figure_10.3.R,figure_10.3.R,4794,fb59892b8fc0ea21681d98e476f0ba33,
code/figures/figure_10.4.R,7017331,FALSE,figure_10.4.R,figure_10.4.R,4099,ddcdc7abfe49616633dc45f5d26531ea,
code/figures/figure_10.5.R,7017256,FALSE,figure_10.5.R,figure_10.5.R,3164,9a546c985225540a71e03f50a82175ff,
code/figures/figure_10.6.R,7017527,FALSE,figure_10.6.R,figure_10.6.R,2816,8908ded0617a93a19bbc5b3503c6f2e5,
code/figures/figure_10.7.R,7017550,FALSE,figure_10.7.R,figure_10.7.R,1256,a9fd48f614c1a85b013cf0ba6a4085e9,
code/figures/figure_11.1.R,7017435,FALSE,figure_11.1.R,figure_11.1.R,1184,114f58b1a74c24e8ebe9e1c0ff0f7e9b,
code/figures/figure_11.2.R,7017360,FALSE,figure_11.2.R,figure_11.2.R,1289,f291bfb8504588a24a13ea8fff9b1a1f,
code/figures/figure_11.3.R,7017266,FALSE,figure_11.3.R,figure_11.3.R,2588,553de655a0fed7be1dd4febbf362290f,
code/figures/figure_11.4.R,7017549,FALSE,figure_11.4.R,figure_11.4.R,1238,dea1e507d47f6c7cab63a8e55d32ebf8,
code/figures/figure_11.5.R,7017334,FALSE,figure_11.5.R,figure_11.5.R,1642,8d49df37019051fb75c7bb9673790d6d,
code/figures/figure_11.6.R,7017523,FALSE,figure_11.6.R,figure_11.6.R,1085,6227cfbc02060b33e030c47794c6e24d,
code/figures/figure_12.1.R,7017457,FALSE,figure_12.1.R,figure_12.1.R,2247,cf3f95a1541fdd240dd30e7567c5b118,
code/figures/figure_13.1.R,7017305,FALSE,figure_13.1.R,figure_13.1.R,1408,ba8bfcbb9efe693b2e8d657eda6a1a4f,
code/figures/figure_13.2.R,7017304,FALSE,figure_13.2.R,figure_13.2.R,927,7fb2e4d95074a3fb1892ae525b3ccdcb,
code/figures/figure_13.3.R,7017336,FALSE,figure_13.3.R,figure_13.3.R,1180,3bcff01cc0dcde9f192bb3eac94a8c87,
code/figures/figure_15.1.R,7017616,FALSE,figure_15.1.R,figure_15.1.R,954,4191f54e8733afd7c122fee5120c4569,
code/figures/figure_15.2.R,7017467,FALSE,figure_15.2.R,figure_15.2.R,1199,e61a130583cc6a554f9b5b65e52cda59,
code/figures/figure_15.3.R,7017465,FALSE,figure_15.3.R,figure_15.3.R,712,0d765ba08329ac9098f468b2a9e30478,
code/figures/figure_15.4_and_15.5.R,7017421,FALSE,figure_15.4_and_15.5.R,figure_15.4_and_15.5.R,2603,9e1110515c37e622667a8dc9458d15c9,
code/figures/figure_15.6.R,7017387,FALSE,figure_15.6.R,figure_15.6.R,1186,e22e0daa253411126f8153af3cd0dc23,
code/figures/figure_15.7.R,7017350,FALSE,figure_15.7.R,figure_15.7.R,1325,71d38fd5389e3edcab99308db6c5e557,
code/figures/figure_16.1.R,7017424,FALSE,figure_16.1.R,figure_16.1.R,826,b042d5817e539439f9f6a9230133f669,
code/figures/figure_16.10.R,10854278,FALSE,figure_16.10.R,figure_16.10.R,1226,6f941951b4732dd2a07d1204a3677941,
code/figures/figure_16.2.R,7017414,FALSE,figure_16.2.R,figure_16.2.R,607,b4e054c77a38d8e8b6131d05fbd488fe,
code/figures/figure_16.3.R,7017600,FALSE,figure_16.3.R,figure_16.3.R,1393,2ea2ce784c04cb3bff70451419abaee5,
code/figures/figure_16.4.R,10920455,FALSE,figure_16.4.R,figure_16.4.R,1003,753b76758107749b0336d0c26462e450,
code/figures/figure_16.5.R,7017456,FALSE,figure_16.5.R,figure_16.5.R,1698,beaea7c51f70a0e07530f7b61f10b606,
code/figures/figure_16.6.R,7017552,FALSE,figure_16.6.R,figure_16.6.R,5305,acc87afb34584b96640ff0b4696d62dd,
code/figures/figure_16.7.R,7017618,FALSE,figure_16.7.R,figure_16.7.R,861,49685b5be7ade83f329b3a6a614fde5a,
code/figures/figure_16.8.R,7017551,FALSE,figure_16.8.R,figure_16.8.R,913,b68bb1fccea1e3529e57cced99d9d331,
code/figures/figure_16.9.R,10854273,FALSE,figure_16.9.R,figure_16.9.R,1454,01afedbbc41867973064d4685a8e5ed3,
code/figures/figure_17.1.R,7017583,FALSE,figure_17.1.R,figure_17.1.R,1407,a4bc37f06a48fe5291f6be7cb1328683,
code/figures/figure_17.2.R,7017356,FALSE,figure_17.2.R,figure_17.2.R,1164,9d00993162b5252149edcaef3ae84a5d,
code/figures/figure_17.3.R,7017520,FALSE,figure_17.3.R,figure_17.3.R,2273,02e7d0e73a81b037bc975eed77e1d51d,
code/figures/figure_17.4.R,7017472,FALSE,figure_17.4.R,figure_17.4.R,927,b87b4c440d40da27e726b6db454acce8,
code/figures/figure_17.5.R,7017489,FALSE,figure_17.5.R,figure_17.5.R,690,cfac38e72438a7f32f75f3853463841e,
code/figures/figure_18.1.R,7017271,FALSE,figure_18.1.R,figure_18.1.R,903,3258219145535cf6ecd1829f82fd3216,
code/figures/figure_18.10.R,7017302,FALSE,figure_18.10.R,figure_18.10.R,1615,b87ce6d9656379ad0e90b006497513bd,
code/figures/figure_18.11.R,7017446,FALSE,figure_18.11.R,figure_18.11.R,1413,49918de5a48e7083dcdfa7ee386888e8,
code/figures/figure_18.12.R,7017428,FALSE,figure_18.12.R,figure_18.12.R,2203,fa5ecc007d60ea9b3b04f01a18811bd6,
code/figures/figure_18.13.R,7017280,FALSE,figure_18.13.R,figure_18.13.R,1259,30735b6943d1cb3a85fc8a81c48e01e8,
code/figures/figure_18.14.R,7017493,FALSE,figure_18.14.R,figure_18.14.R,1185,abf35cc19c6fabb7509e4c426ce5a902,
code/figures/figure_18.15.R,7017299,FALSE,figure_18.15.R,figure_18.15.R,751,7d8094a3a5f38b90be6c108cb739b576,
code/figures/figure_18.16.R,7017585,FALSE,figure_18.16.R,figure_18.16.R,1767,0c3c07161d139dbab61825246f8a316f,
code/figures/figure_18.17.R,7017405,FALSE,figure_18.17.R,figure_18.17.R,1639,68c98132afc7de72b2c85dfde81dc56e,
code/figures/figure_18.2.R,7017370,FALSE,figure_18.2.R,figure_18.2.R,1335,038779d4787b3b96a2e7721f805551bf,
code/figures/figure_18.3.R,7017264,FALSE,figure_18.3.R,figure_18.3.R,2335,d99fcfac050870fb21f49639a6e42bed,
code/figures/figure_18.4.R,7017440,FALSE,figure_18.4.R,figure_18.4.R,1344,c6d648be5b75c429999d0ff9e9c907c8,
code/figures/figure_18.5.R,7017258,FALSE,figure_18.5.R,figure_18.5.R,1492,11a40cfbf311685c6db6e69a99115621,
code/figures/figure_18.6.R,7017257,FALSE,figure_18.6.R,figure_18.6.R,1934,ca3e31df21999df7cefb34357adaf115,
code/figures/figure_18.7.R,7017420,FALSE,figure_18.7.R,figure_18.7.R,1401,95c236de8fe78ed82bf4f33591cac3aa,
code/figures/figure_18.8.R,7017560,FALSE,figure_18.8.R,figure_18.8.R,1440,8a8313231f186325301968f9b955fa19,
code/figures/figure_18.9.R,7017529,FALSE,figure_18.9.R,figure_18.9.R,1037,81e124a579aa9a404d17d13d51923955,
code/figures/figure_19.1.R,7017441,FALSE,figure_19.1.R,figure_19.1.R,782,356638752ef5b322576d4bffb3107e6d,
code/figures/figure_19.2_19.3.R,7017353,FALSE,figure_19.2_19.3.R,figure_19.2_19.3.R,2734,8069b8255fa7e95a2f0a6b9acbeb36f1,
code/figures/figure_19.4.R,7017475,FALSE,figure_19.4.R,figure_19.4.R,1115,53bdaa79302aaaa1b8cdbcb472bd0beb,
code/figures/figure_19.5.R,7017582,FALSE,figure_19.5.R,figure_19.5.R,2198,1c63d8b3fc502e9df4ac61608d1db06b,
code/figures/figure_19.6.R,7017290,FALSE,figure_19.6.R,figure_19.6.R,1799,a6e60359c907161324cc6b420f7edc85,
code/figures/figure_2.1_5.1.R,7017382,FALSE,figure_2.1_5.1.R,figure_2.1_5.1.R,4204,8c400ffff41a34a0c8af29b1e4cab54f,
code/figures/figure_2.2.R,7017376,FALSE,figure_2.2.R,figure_2.2.R,1788,1d688e3e8697e5484c20cc7f4aef9eab,
code/figures/figure_21.1.R,7017586,FALSE,figure_21.1.R,figure_21.1.R,1627,63345e6785fb00b3838b6427b3305889,
code/figures/figure_21.2.R,7017617,FALSE,figure_21.2.R,figure_21.2.R,2059,43b457e696c4736800f9e0cbb6c2c62c,
code/figures/figure_21.3.R,7017561,FALSE,figure_21.3.R,figure_21.3.R,2925,407f383a167304cc93d4a892951bd40c,
code/figures/figure_21.4.R,7017433,FALSE,figure_21.4.R,figure_21.4.R,2115,956f7a6ad74167cd87a7cb9c71caefd6,
code/figures/figure_22.1.R,7017486,FALSE,figure_22.1.R,figure_22.1.R,2426,1387b5395e20d5371dec876bd23ec93b,
code/figures/figure_23.2.R,7017391,FALSE,figure_23.2.R,figure_23.2.R,1946,c94c955ba9bf4fab5c480951f48423c6,
code/figures/figure_6.1.R,7017469,FALSE,figure_6.1.R,figure_6.1.R,788,5508b813bdbc4e7c7afced29f8ba156a,
code/figures/figure_6.2.R,7017267,FALSE,figure_6.2.R,figure_6.2.R,1294,c3c00a29d6c20f4e0629f14df7853f20,
code/figures/figure_8.1.R,7017352,FALSE,figure_8.1.R,figure_8.1.R,2004,c9ab15c5cb3a68a6c680b479d95f360f,
code/figures/figure_8.2.R,7017519,FALSE,figure_8.2.R,figure_8.2.R,3188,85476f5a74f4ea96bb63f4f91ff9d380,
code/figures/figure_8.3.R,7017534,FALSE,figure_8.3.R,figure_8.3.R,2182,bf818dcd83b1b22dda2fffbe05f1f78d,
code/figures/figure_8.4.R,7017259,FALSE,figure_8.4.R,figure_8.4.R,3505,d98b4d2c28235ccee2da2c63847253ff,
code/figures/figure_8.5.R,7017497,FALSE,figure_8.5.R,figure_8.5.R,1545,4fd0f2d15d18b6a9dcce665c88b9362d,
code/figures/figure_8.6.R,7017605,FALSE,figure_8.6.R,figure_8.6.R,1566,06b34b0b433489433eb453664f882736,
code/figures/figure_8.7.R,7017544,FALSE,figure_8.7.R,figure_8.7.R,2148,5c7d2edb08e57ac9b9f9e446dad39c9c,
code/figures/figure_9.1.R,7017426,FALSE,figure_9.1.R,figure_9.1.R,1406,faf31e5fd5c7c57916b1119684374b6a,
code/figures/figure_9.2.R,7017400,FALSE,figure_9.2.R,figure_9.2.R,1114,3e7b7115978b1d20582e16852b3e3703,
code/figures/figure_9.3.R,7017623,FALSE,figure_9.3.R,figure_9.3.R,1351,a5b47850cc4d7962a5934b10cf1d0648,
code/figures/figure_9.4.R,7017390,FALSE,figure_9.4.R,figure_9.4.R,849,3fba10f20fc325aa327228c6ebaf7d81,
code/figures/figure_9.5.R,7017349,FALSE,figure_9.5.R,figure_9.5.R,1117,b580b7dfe1ef6d799462943c840bcb97,
code/utilities/make_dag_df.R,7017269,FALSE,make_dag_df.R,make_dag_df.R,5142,e67e05ce0801d5fcef73de862e12a409,
data/bonilla_tillery.csv,7017385,TRUE,bonilla_tillery.csv,bonilla_tillery.tab,60714,687a0aeffe96258518d1cf8473fe8ee9,UNF:6:Vb8EL4Q0XjjoisXI+Gz2LQ==
data/cliningsmith_etal.csv,7017530,TRUE,cliningsmith_etal.csv,cliningsmith_etal.tab,15912,520810f821d1889714bea98af3aecb7e,UNF:6:A7aVw690NAHB2ERzLe3qsw==
data/fairfax.zip,7017538,FALSE,fairfax.zip,fairfax.zip,1409206,5867b2874dc64994f6c60d02a6ca7705,
data/foos_etal.csv,7017403,TRUE,foos_etal.csv,foos_etal.tab,477399,d14efec3426c50f31e83c2d87a4ffd8c,UNF:6:sqITq9e7yHgRpn5ohHrgJQ==
data/la_voter_file.csv,7017413,TRUE,la_voter_file.csv,la_voter_file.tab,15843,e2dac11b2b191b1e4139787ba0a8d36d,UNF:6:eEZk8gr7+vtAg2egcpsXyg==
data/lapop_brazil.csv,7017444,TRUE,lapop_brazil.csv,lapop_brazil.tab,490804,c98cebe9033f3dc8bc2701223816600c,UNF:6:lEsVKWZQybQcGXeGO4m2yw==
diagnosis_objects/diagnosis_10.1.rds,7017571,FALSE,diagnosis_10.1.rds,diagnosis_10.1.rds,197,4fc5f32e4ec69e0daef0796be2e5a0e5,
diagnosis_objects/diagnosis_10.2.rds,7017620,FALSE,diagnosis_10.2.rds,diagnosis_10.2.rds,401950,82dc5736bb880529b5f7e596c0a10695,
diagnosis_objects/diagnosis_10.3.rds,7017288,FALSE,diagnosis_10.3.rds,diagnosis_10.3.rds,450254,2c6846ce1e7d6f21cd240ce03ae99ce4,
diagnosis_objects/diagnosis_10.4.rds,7017540,FALSE,diagnosis_10.4.rds,diagnosis_10.4.rds,498618,cbb39bfd09f6ced593ed2af2510e6a5f,
diagnosis_objects/diagnosis_10.5.rds,7017559,FALSE,diagnosis_10.5.rds,diagnosis_10.5.rds,1018203,90a11f53a35f66a5613746651994787c,
diagnosis_objects/diagnosis_10a.rds,7017553,FALSE,diagnosis_10a.rds,diagnosis_10a.rds,22149230,568338e8904befa212a692b2aea4321a,
diagnosis_objects/diagnosis_11.1.rds,7017483,FALSE,diagnosis_11.1.rds,diagnosis_11.1.rds,4746811,891060abe6ffbf1dc5c448968b193127,
diagnosis_objects/diagnosis_11.2.rds,7017518,FALSE,diagnosis_11.2.rds,diagnosis_11.2.rds,806257,72c86db342113f24add1bf97b3230f59,
diagnosis_objects/diagnosis_11.3.rds,7017361,FALSE,diagnosis_11.3.rds,diagnosis_11.3.rds,78452964,a8ea89578e22a1efd7c353779b23a129,
diagnosis_objects/diagnosis_11.4.rds,7017463,FALSE,diagnosis_11.4.rds,diagnosis_11.4.rds,52615407,74ec39a6b7ebdeac5a937e51f6b40ac9,
diagnosis_objects/diagnosis_11.5.rds,7017573,FALSE,diagnosis_11.5.rds,diagnosis_11.5.rds,800066,af06bf9a7292afe24d6c2532fb9c8e4e,
diagnosis_objects/diagnosis_12.1.rds,7017506,FALSE,diagnosis_12.1.rds,diagnosis_12.1.rds,1090392,06f183d06bec092f71b71e73140d3f7b,
diagnosis_objects/diagnosis_12.2.rds,7017459,FALSE,diagnosis_12.2.rds,diagnosis_12.2.rds,8965363,6824fa3615caf111ddd31e94b16d1851,
diagnosis_objects/diagnosis_13.1.rds,7017407,FALSE,diagnosis_13.1.rds,diagnosis_13.1.rds,946772,01e78411f3b3271b36ac5b2f43196358,
diagnosis_objects/diagnosis_15.1.rds,7017307,FALSE,diagnosis_15.1.rds,diagnosis_15.1.rds,466050,85443120dc59ded5f13c3c7b6e46db17,
diagnosis_objects/diagnosis_15.2.rds,7017533,FALSE,diagnosis_15.2.rds,diagnosis_15.2.rds,12291436,ae1c251a9323ec7c3f1f8d5588cc6096,
diagnosis_objects/diagnosis_15.3.rds,7017255,FALSE,diagnosis_15.3.rds,diagnosis_15.3.rds,5044891,9fdfc34fcd119703cf18c0f25b0a697d,
diagnosis_objects/diagnosis_15.4.rds,7017576,FALSE,diagnosis_15.4.rds,diagnosis_15.4.rds,33002680,655dbd43f80f3d1c1a8e6ee5dbdff1dd,
diagnosis_objects/diagnosis_15.5.rds,7017306,FALSE,diagnosis_15.5.rds,diagnosis_15.5.rds,2367211,fdf20782e362993d43b528a07db375c6,
diagnosis_objects/diagnosis_16.1.rds,7017542,FALSE,diagnosis_16.1.rds,diagnosis_16.1.rds,4525061,be09d5b4b2abda7af0f7d3f708ebf016,
diagnosis_objects/diagnosis_16.2.rds,10920444,FALSE,diagnosis_16.2.rds,diagnosis_16.2.rds,1122816,d34252bef4b57cb57b314acb2b546ad6,
diagnosis_objects/diagnosis_16.3.rds,7017292,FALSE,diagnosis_16.3.rds,diagnosis_16.3.rds,2075139,483285419807f0537ed4c8b14477f402,
diagnosis_objects/diagnosis_16.4.rds,7017500,FALSE,diagnosis_16.4.rds,diagnosis_16.4.rds,6172679,702630504dd1fbf948e96991af614bb4,
diagnosis_objects/diagnosis_16.5.rds,10854235,FALSE,diagnosis_16.5.rds,diagnosis_16.5.rds,11010897,c175c0ba37d9cd86f49ac2268ff27794,
diagnosis_objects/diagnosis_17.1.rds,7017461,FALSE,diagnosis_17.1.rds,diagnosis_17.1.rds,526625,f9f3a8c74762190e6fd3f6b1ce821535,
diagnosis_objects/diagnosis_17.2.rds,7017558,FALSE,diagnosis_17.2.rds,diagnosis_17.2.rds,486091,9f5f6a698b906e9e5f06b1f4a09abdd2,
diagnosis_objects/diagnosis_17.3.rds,7017303,FALSE,diagnosis_17.3.rds,diagnosis_17.3.rds,24216291,e8c2841ffa8cd074568fa41d9284a1c4,
diagnosis_objects/diagnosis_17.4.rds,7017275,FALSE,diagnosis_17.4.rds,diagnosis_17.4.rds,2579127,6db44ec3bc6dc0cae989bef75af3123f,
diagnosis_objects/diagnosis_17.5.rds,7017499,FALSE,diagnosis_17.5.rds,diagnosis_17.5.rds,2371392,aa3a364e485dc4890a643aaa3e5e5f19,
diagnosis_objects/diagnosis_18.1.rds,7017399,FALSE,diagnosis_18.1.rds,diagnosis_18.1.rds,498618,364b032607d290aa1d10309a834b86cd,
diagnosis_objects/diagnosis_18.10_encouragment.rds,7017487,FALSE,diagnosis_18.10_encouragment.rds,diagnosis_18.10_encouragment.rds,5044905,d59189af37568b68d8cf239e91fa9362,
diagnosis_objects/diagnosis_18.10_placebo.rds,7017447,FALSE,diagnosis_18.10_placebo.rds,diagnosis_18.10_placebo.rds,5008896,3eae4a767faaa13996d8e3a2a230738b,
diagnosis_objects/diagnosis_18.11.rds,7017528,FALSE,diagnosis_18.11.rds,diagnosis_18.11.rds,24349259,7d33bd6f86b8bb967f7081da39d2fdbb,
diagnosis_objects/diagnosis_18.12.rds,7017554,FALSE,diagnosis_18.12.rds,diagnosis_18.12.rds,1318868,c99180e0b90e767bfe083dd2c3508d53,
diagnosis_objects/diagnosis_18.13.rds,7017261,FALSE,diagnosis_18.13.rds,diagnosis_18.13.rds,2547261,c68d52af6b963ead9d9d55706544dde9,
diagnosis_objects/diagnosis_18.2.rds,7017282,FALSE,diagnosis_18.2.rds,diagnosis_18.2.rds,15892606,1f94d9a3c6f65a02397a270497e63bd3,
diagnosis_objects/diagnosis_18.3.rds,7017286,FALSE,diagnosis_18.3.rds,diagnosis_18.3.rds,70446826,133309bd7db4a3a4f788e0abb1bb1607,
diagnosis_objects/diagnosis_18.4.rds,7017381,FALSE,diagnosis_18.4.rds,diagnosis_18.4.rds,250801,8a75ff29f0d57ce5a89ca371a32d6d95,
diagnosis_objects/diagnosis_18.5.rds,7017460,FALSE,diagnosis_18.5.rds,diagnosis_18.5.rds,1539213,b034a07d700ac4b71c7f7aee1ecb265d,
diagnosis_objects/diagnosis_18.6.rds,7017427,FALSE,diagnosis_18.6.rds,diagnosis_18.6.rds,16300845,e6af032a1ccbd08b1835f44ba622f7ff,
diagnosis_objects/diagnosis_18.7.rds,7017297,FALSE,diagnosis_18.7.rds,diagnosis_18.7.rds,24251142,d471cf5aa8ed501263ad7e148765a832,
diagnosis_objects/diagnosis_18.8.rds,7017313,FALSE,diagnosis_18.8.rds,diagnosis_18.8.rds,50124490,3c1155781cdf8eca4ec49bc68a99dc39,
diagnosis_objects/diagnosis_18.9.rds,7017342,FALSE,diagnosis_18.9.rds,diagnosis_18.9.rds,3135487,01525488b78d73597998f9cd5bc904fc,
diagnosis_objects/diagnosis_19.1.rds,7017287,FALSE,diagnosis_19.1.rds,diagnosis_19.1.rds,3251560,cf8bd25a555f79735b4d12cdd22577fa,
diagnosis_objects/diagnosis_19.2.rds,7017397,FALSE,diagnosis_19.2.rds,diagnosis_19.2.rds,74848,a9cd19e7acf0ab95df5029d68ca57e23,
diagnosis_objects/diagnosis_19.3.rds,7017505,FALSE,diagnosis_19.3.rds,diagnosis_19.3.rds,3827849,0947867d4b7022e64968a517ee1b2d45,
diagnosis_objects/diagnosis_19.4.rds,7017477,FALSE,diagnosis_19.4.rds,diagnosis_19.4.rds,2191438,855de8b3acb87f9b9e84edddf46127e9,
diagnosis_objects/diagnosis_19a.rds,7017466,FALSE,diagnosis_19a.rds,diagnosis_19a.rds,466976,62a9ec84c2c5916d2d4e7dbce483d05d,
diagnosis_objects/diagnosis_2.1.rds,7017541,FALSE,diagnosis_2.1.rds,diagnosis_2.1.rds,11593198,a81e2129e04ca05217a93585f0575a20,
diagnosis_objects/diagnosis_21a.rds,7017341,FALSE,diagnosis_21a.rds,diagnosis_21a.rds,4981029,a1b21414dc2b7a292d319090caa4dcd4,
diagnosis_objects/diagnosis_21b.rds,7017471,FALSE,diagnosis_21b.rds,diagnosis_21b.rds,500615,98c3123e830bf8b911d41af812d07523,
diagnosis_objects/diagnosis_23.1.rds,7017602,FALSE,diagnosis_23.1.rds,diagnosis_23.1.rds,2763514,319ba1fe145e92c34d25273ffcc82301,
diagnosis_objects/diagnosis_23a.rds,7017419,FALSE,diagnosis_23a.rds,diagnosis_23a.rds,3511197,60f9ca509ffb10d65373a429c97eff6b,
diagnosis_objects/diagnosis_4.1.rds,7017587,FALSE,diagnosis_4.1.rds,diagnosis_4.1.rds,27515,c3a048b909492cc00380a13492c3c067,
diagnosis_objects/diagnosis_9.1.rds,7017406,FALSE,diagnosis_9.1.rds,diagnosis_9.1.rds,309875,160eb0535d6ed11be8d5156aa48f6acc,
diagnosis_objects/diagnosis_9.2.rds,7017265,FALSE,diagnosis_9.2.rds,diagnosis_9.2.rds,1126814,3104d14fcbf0718836f4016f0265be69,
diagnosis_objects/diagnosis_9.3.rds,7017595,FALSE,diagnosis_9.3.rds,diagnosis_9.3.rds,424396,9d1f1b78a2d22ffda64d7fca775b111f,
diagnosis_objects/diagnosis_9.4.rds,7017604,FALSE,diagnosis_9.4.rds,diagnosis_9.4.rds,5807195,0cb932d36fc8864c07fa07611b4cb9ee,
diagnosis_objects/diagnosis_9.5.rds,7017335,FALSE,diagnosis_9.5.rds,diagnosis_9.5.rds,169,531b0e6f80a36e2be75c23fa89de260d,
diagnosis_objects/diagnosis_9.6.rds,7017568,FALSE,diagnosis_9.6.rds,diagnosis_9.6.rds,1923276,83dbea34ad2c1d4f1f71629d9b647037,
diagnosis_objects/diagnosis_9.7.rds,7017584,FALSE,diagnosis_9.7.rds,diagnosis_9.7.rds,339835,b96662966cfc6ae5a671dbfdb8873780,
diagnosis_objects/simulation_10.1.rds,7017338,FALSE,simulation_10.1.rds,simulation_10.1.rds,2071,b841f67450dfa6d3459bd8749198b1b4,
figures/figure_10.1.pdf,7017451,FALSE,figure_10.1.pdf,figure_10.1.pdf,14151,2f5589aa4a0a90ee2075b0fee603f9c2,
figures/figure_10.2.pdf,7017388,FALSE,figure_10.2.pdf,figure_10.2.pdf,65052,c56774ae8dc0cf73de29d5d83cf51e4b,
figures/figure_10.3.pdf,7017274,FALSE,figure_10.3.pdf,figure_10.3.pdf,285597,a6aab3e34518e83f4683832a2b2c6d9f,
figures/figure_10.4.pdf,7017389,FALSE,figure_10.4.pdf,figure_10.4.pdf,683482,79c08438824c82bc776a7f04800c2423,
figures/figure_10.5.pdf,7017362,FALSE,figure_10.5.pdf,figure_10.5.pdf,35801,9b4ae90f359adfea1767387eae534a16,
figures/figure_10.6.pdf,7017491,FALSE,figure_10.6.pdf,figure_10.6.pdf,23573,dc416d70d8d76a497354491b27190ef5,
figures/figure_10.7.pdf,7017567,FALSE,figure_10.7.pdf,figure_10.7.pdf,6339,7e0f895a8a13a13275fdd2b068ff5cb0,
figures/figure_11.1.pdf,7017416,FALSE,figure_11.1.pdf,figure_11.1.pdf,6231,68d4cd6449a9660d64b43cc8cdca95a3,
figures/figure_11.2.pdf,7017484,FALSE,figure_11.2.pdf,figure_11.2.pdf,8884,f9e9c008a54dec68c7a8a11127623ba1,
figures/figure_11.3.pdf,7017398,FALSE,figure_11.3.pdf,figure_11.3.pdf,8322,299f544e5608fb989adca3841f061f30,
figures/figure_11.4.pdf,7017314,FALSE,figure_11.4.pdf,figure_11.4.pdf,42813,40491a524f46202f80303daf7ca11cc1,
figures/figure_11.5.pdf,7017263,FALSE,figure_11.5.pdf,figure_11.5.pdf,4612,6756cc28b327182e8307e0d93548a35a,
figures/figure_11.6.pdf,7017372,FALSE,figure_11.6.pdf,figure_11.6.pdf,5628,a4642b4be9f9f591238b62b1f328bf5f,
figures/figure_12.1.pdf,7017423,FALSE,figure_12.1.pdf,figure_12.1.pdf,5350,b432b7d957f017e694ee937c0c68c8c6,
figures/figure_13.1.pdf,7017284,FALSE,figure_13.1.pdf,figure_13.1.pdf,6654,5a1860f6e41b43a8b5f0b9914a2c28c3,
figures/figure_13.2.pdf,7017322,FALSE,figure_13.2.pdf,figure_13.2.pdf,5356,9eeb8768309b4a912d86c28d7a0d1b8b,
figures/figure_13.3.pdf,7017612,FALSE,figure_13.3.pdf,figure_13.3.pdf,6373,960418cf6ad156adaee9257df2d57bda,
figures/figure_15.1.pdf,7017619,FALSE,figure_15.1.pdf,figure_15.1.pdf,5830,379d6235d2a17deda653509d0ffa3b3d,
figures/figure_15.2.pdf,7017383,FALSE,figure_15.2.pdf,figure_15.2.pdf,5295,7064ebc646bee4516dfcf77b2db7c9c1,
figures/figure_15.3.pdf,7017593,FALSE,figure_15.3.pdf,figure_15.3.pdf,4778,cc6eac3668acf688c8d13f4a5d83833c,
figures/figure_15.4.pdf,7017262,FALSE,figure_15.4.pdf,figure_15.4.pdf,5044,99c36d3ce6a161c09f5b571c208f909d,
figures/figure_15.5.pdf,7017569,FALSE,figure_15.5.pdf,figure_15.5.pdf,39973,304775554fc044f17c64de56cee791b7,
figures/figure_15.6.pdf,7017308,FALSE,figure_15.6.pdf,figure_15.6.pdf,7030,9ed8c94c1a50d4e0eaf53be1f566fffb,
figures/figure_15.7.pdf,7017408,FALSE,figure_15.7.pdf,figure_15.7.pdf,5593,b260056030efcf34f1f4f25ae92582dc,
figures/figure_16.1.pdf,7017380,FALSE,figure_16.1.pdf,figure_16.1.pdf,5709,afd5e193fe521e3ebb254d4cc6202380,
figures/figure_16.10.pdf,10854275,FALSE,figure_16.10.pdf,figure_16.10.pdf,5875,ad0d3b8b163978beec2af55a0a53665c,
figures/figure_16.2.pdf,7017379,FALSE,figure_16.2.pdf,figure_16.2.pdf,5781,7fe07f8cd7e4162b3d9beca61c0991c1,
figures/figure_16.3.pdf,7017431,FALSE,figure_16.3.pdf,figure_16.3.pdf,6959,dac0a20a197eea7b43d1fbd705fb7f7f,
figures/figure_16.4.pdf,10920464,FALSE,figure_16.4.pdf,figure_16.4.pdf,5443,508f455b6ff5cd08163fb91335e5cdfe,
figures/figure_16.5.pdf,7017603,FALSE,figure_16.5.pdf,figure_16.5.pdf,5692,fe83bfa2ac67e702211cd026787e3c59,
figures/figure_16.6.pdf,7017285,FALSE,figure_16.6.pdf,figure_16.6.pdf,7353,970d52a653a6c1b66fcc7230da92d7c4,
figures/figure_16.7.pdf,7017386,FALSE,figure_16.7.pdf,figure_16.7.pdf,5829,db286804585a7e0631960ed7b9c96c88,
figures/figure_16.8.pdf,7017577,FALSE,figure_16.8.pdf,figure_16.8.pdf,6715,f4d6b91b175a35df7b6f02d285cc6440,
figures/figure_16.9.pdf,10854274,FALSE,figure_16.9.pdf,figure_16.9.pdf,38369,ce4cf8f3e18d517dd55be7cb124b4f14,
figures/figure_17.1.pdf,7017309,FALSE,figure_17.1.pdf,figure_17.1.pdf,12111,8287e663f763ffb7e73d5e171ad830c2,
figures/figure_17.2.pdf,7017310,FALSE,figure_17.2.pdf,figure_17.2.pdf,5489,be261c3274413baeb5b917dc013c4b2c,
figures/figure_17.3.pdf,7017278,FALSE,figure_17.3.pdf,figure_17.3.pdf,177879,e289edb7a633a8505b5be0f9dc136690,
figures/figure_17.4.pdf,7017492,FALSE,figure_17.4.pdf,figure_17.4.pdf,7296,396be77ca4273b6b7425b0eb2e9615a3,
figures/figure_17.5.pdf,7017526,FALSE,figure_17.5.pdf,figure_17.5.pdf,5011,fa3da710fc4b45acf5bde0245a42167c,
figures/figure_18.1.pdf,7017543,FALSE,figure_18.1.pdf,figure_18.1.pdf,10540,21fd75716727fb496056397ba57f1074,
figures/figure_18.10.pdf,7017364,FALSE,figure_18.10.pdf,figure_18.10.pdf,5652,2683f7412a921f4dd515ac10f3e47d6c,
figures/figure_18.11.pdf,7017579,FALSE,figure_18.11.pdf,figure_18.11.pdf,6316,4dcb6d568d965f80ea23ae82717a0023,
figures/figure_18.12.pdf,7017358,FALSE,figure_18.12.pdf,figure_18.12.pdf,43714,0b8d0e14cc1f3affa27036310fd3b478,
figures/figure_18.13.pdf,7017301,FALSE,figure_18.13.pdf,figure_18.13.pdf,6547,e1ca8d1178af5562690e87592af64251,
figures/figure_18.14.pdf,7017283,FALSE,figure_18.14.pdf,figure_18.14.pdf,5518,aff40105218c72c14027fa9eb75caf5a,
figures/figure_18.15.pdf,7017401,FALSE,figure_18.15.pdf,figure_18.15.pdf,711869,55c26e6fd63383a7c194b4fd029e32de,
figures/figure_18.16.pdf,7017599,FALSE,figure_18.16.pdf,figure_18.16.pdf,2190495,0e0d199dee7f3db4d29e50f56d913f78,
figures/figure_18.17.pdf,7017622,FALSE,figure_18.17.pdf,figure_18.17.pdf,7155,4ccaf2d668a0a430feb128ca6d6c2bc7,
figures/figure_18.2.pdf,7017315,FALSE,figure_18.2.pdf,figure_18.2.pdf,6333,9258abdf30c458ea17e1b4bd5a7ba977,
figures/figure_18.3.pdf,7017425,FALSE,figure_18.3.pdf,figure_18.3.pdf,40423,130051599b768fd04d183492cf3ed86c,
figures/figure_18.4.pdf,7017468,FALSE,figure_18.4.pdf,figure_18.4.pdf,4961,eb99a4c9851e1dd2d3d20f3637bea722,
figures/figure_18.5.pdf,7017363,FALSE,figure_18.5.pdf,figure_18.5.pdf,75661,11be8febcd474c0dc52590c850f2f4dc,
figures/figure_18.6.pdf,7017494,FALSE,figure_18.6.pdf,figure_18.6.pdf,259389,21902a1c8a74b005df9d299e70c06121,
figures/figure_18.7.pdf,7017329,FALSE,figure_18.7.pdf,figure_18.7.pdf,9138,a1f1c56916c166038c7a0349d27295e1,
figures/figure_18.8.pdf,7017462,FALSE,figure_18.8.pdf,figure_18.8.pdf,5916,62fb2c5cd2a830b5e30f04acd0a8a20e,
figures/figure_18.9.pdf,7017514,FALSE,figure_18.9.pdf,figure_18.9.pdf,12051,11bde351a1085f0ee09cb1292485c721,
figures/figure_19.1.pdf,7017318,FALSE,figure_19.1.pdf,figure_19.1.pdf,64570,7074054bde0762762227f5d055e2e5f7,
figures/figure_19.2.pdf,7017503,FALSE,figure_19.2.pdf,figure_19.2.pdf,7016,c781a57278dc742991108ca454bbf14b,
figures/figure_19.3.pdf,7017504,FALSE,figure_19.3.pdf,figure_19.3.pdf,5957,121152de37ab96fcdd1373aafa268f47,
figures/figure_19.5.pdf,7017365,FALSE,figure_19.5.pdf,figure_19.5.pdf,56304,686265cd17e8696e207cb6a6cf53775f,
figures/figure_19.6.pdf,7017607,FALSE,figure_19.6.pdf,figure_19.6.pdf,5398,c98d77c43f5141a3a42fd25974b81868,
figures/figure_2.1.pdf,7017359,FALSE,figure_2.1.pdf,figure_2.1.pdf,9125,bbc5a412978398f09876bad695dabd4b,
figures/figure_2.2.pdf,7017464,FALSE,figure_2.2.pdf,figure_2.2.pdf,6588,29c77fed2d4f428b8f2fee3bbede6a52,
figures/figure_21.1.pdf,7017555,FALSE,figure_21.1.pdf,figure_21.1.pdf,369112,4966b228b6faf9dbc69ab8375e3ba523,
figures/figure_21.2.pdf,7017563,FALSE,figure_21.2.pdf,figure_21.2.pdf,44392,a44bae91235e09c6b437e99a6d463bd5,
figures/figure_21.3.pdf,7017525,FALSE,figure_21.3.pdf,figure_21.3.pdf,6439,5f47013c4a9cbf342cb8a5a195a598bc,
figures/figure_21.4.pdf,7017325,FALSE,figure_21.4.pdf,figure_21.4.pdf,5201,d4b73e4035071c2c57bc167d1941ab02,
figures/figure_22.1.pdf,7017375,FALSE,figure_22.1.pdf,figure_22.1.pdf,6015,90f7284a2bc898bbb1f0aec3cc4d2292,
figures/figure_23.2.pdf,7017601,FALSE,figure_23.2.pdf,figure_23.2.pdf,20733,b30696ffbaff58f4851c707ff272984b,
figures/figure_5.1.pdf,7017596,FALSE,figure_5.1.pdf,figure_5.1.pdf,9125,6422390ea9349b933ad9155d1e82d72b,
figures/figure_6.1.pdf,7017316,FALSE,figure_6.1.pdf,figure_6.1.pdf,9744,daf0a2475abcc8446728c9e51b4c5f07,
figures/figure_6.2.pdf,7017373,FALSE,figure_6.2.pdf,figure_6.2.pdf,12034,45ef4fca57bca93c9aefd0b3f0df0ca8,
figures/figure_8.1.pdf,7017513,FALSE,figure_8.1.pdf,figure_8.1.pdf,12730,180078ae73c479f9b8f7646cff55a120,
figures/figure_8.2.pdf,7017279,FALSE,figure_8.2.pdf,figure_8.2.pdf,7131,bbdf31e139f1238324db30dbdf3353ef,
figures/figure_8.3.pdf,7017545,FALSE,figure_8.3.pdf,figure_8.3.pdf,5155,092e9ec6ed8c590ad5f14655a4ba8202,
figures/figure_8.4.pdf,7017606,FALSE,figure_8.4.pdf,figure_8.4.pdf,10061,068b5fe0fd37b4a437b2bd3028e152ef,
figures/figure_8.5.pdf,7017531,FALSE,figure_8.5.pdf,figure_8.5.pdf,6239,ada1049580cd6c1ef21e39f88b07b8c6,
figures/figure_8.6.pdf,7017394,FALSE,figure_8.6.pdf,figure_8.6.pdf,4989,f46c8039ea3a5d80462f9829e8df40dd,
figures/figure_8.7.pdf,7017276,FALSE,figure_8.7.pdf,figure_8.7.pdf,14433,0a77d93455e4a5332dd802148635b6bb,
figures/figure_9.1.pdf,7017343,FALSE,figure_9.1.pdf,figure_9.1.pdf,4950,7fcb039342b9f408a19d23f323a29b6e,
figures/figure_9.2.pdf,7017580,FALSE,figure_9.2.pdf,figure_9.2.pdf,6193,ab91513f3b9d32b9c3a3d42e14e98638,
figures/figure_9.3.pdf,7017615,FALSE,figure_9.3.pdf,figure_9.3.pdf,4998,75f7541224f8b7f9e780f72d1820eac9,
figures/figure_9.4.pdf,7017402,FALSE,figure_9.4.pdf,figure_9.4.pdf,6230,b4156458ed9049a9c60bd4a3aa4c0326,
figures/figure_9.5.pdf,7017348,FALSE,figure_9.5.pdf,figure_9.5.pdf,4632,94cf80c82383633f5c6abc6b65b9eeac,
